{"ncp_xy": [758.26056191, 618.30679369], "polaris_theta": -1.6976614293295558}
